Time,Scope,Count,AvgMs,MinMs,MaxMs,TotalMs,GC0,GC1,GC2,MemMB
13:16:47,1_Matching,7975,0,0212,0,0005,18,1380,169,3856,28,10,6,98
13:16:47,1.1_IndexLookup,7975,0,0123,0,0001,17,2585,97,9033,28,10,6,98
13:16:47,1.2_CalcLoop,7783,0,0067,0,0001,6,4991,52,1014,28,10,6,98
13:16:47,1.3_AddToWindow,2320,0,0165,0,0048,5,7322,38,2984,28,10,6,98
13:16:47,1.3.1_DictLookup,2320,0,0016,0,0002,1,4073,3,7040,28,10,6,98
13:16:47,1.3.2_ListAdd,2320,0,0013,0,0002,0,2298,2,9459,28,10,6,98
13:16:47,2_UpdateTicks,7975,0,0093,0,0011,15,0160,74,4207,28,10,6,98
13:16:47,3_UpdateIndex,7975,0,0037,0,0004,1,8670,29,2512,28,10,6,98
13:16:47,Total_ProcessData,7975,0,0355,0,0037,19,2559,283,4837,28,10,6,98
13:16:57,1_Matching,47168,0,0519,0,0005,175,3804,2446,2024,114,32,9,120
13:16:57,1.1_IndexLookup,47168,0,0066,0,0001,107,3156,311,3454,114,32,9,120
13:16:57,1.2_CalcLoop,47031,0,0447,0,0000,175,3763,2101,7937,114,32,9,120
13:16:57,1.3_AddToWindow,40081,0,0507,0,0041,175,3489,2030,7092,114,32,9,120
13:16:57,1.3.1_DictLookup,40081,0,0027,0,0001,49,1607,107,1814,114,32,9,120
13:16:57,1.3.2_ListAdd,40081,0,0075,0,0002,149,7078,300,3185,114,32,9,120
13:16:57,2_UpdateTicks,47168,0,0205,0,0040,150,1861,966,8377,114,32,9,120
13:16:57,3_UpdateIndex,47168,0,0013,0,0004,12,0244,58,9916,114,32,9,120
13:16:57,Total_ProcessData,47168,0,0781,0,0061,182,5770,3681,7373,114,32,9,120
13:17:56,1_Matching,4745,0,0837,0,0007,167,2362,397,2590,631,149,11,105
13:17:56,1.1_IndexLookup,4745,0,0020,0,0003,0,0648,9,4398,631,149,11,105
13:17:56,1.2_CalcLoop,4738,0,0440,0,0000,167,2319,208,3531,631,149,11,105
13:17:56,1.3_AddToWindow,4566,0,0444,0,0043,167,2077,202,5073,631,149,11,105
13:17:56,1.3.1_DictLookup,4566,0,0004,0,0001,0,0215,1,6355,631,149,11,105
13:17:56,1.3.2_ListAdd,4566,0,0005,0,0002,0,0350,2,4585,631,149,11,105
13:17:56,2_UpdateTicks,4745,0,0201,0,0068,46,8246,95,4021,631,149,11,105
13:17:56,3_UpdateIndex,4745,0,0009,0,0005,0,0487,4,2924,631,149,11,105
13:17:56,Total_ProcessData,4745,0,1064,0,0095,167,2563,504,9824,631,149,11,105
13:18:48,1_Matching,17467,0,0176,0,0006,43,2897,307,6452,25,9,6,111
13:18:48,1.1_IndexLookup,17467,0,0107,0,0001,43,2836,186,6882,25,9,6,111
13:18:48,1.2_CalcLoop,17154,0,0054,0,0001,11,9315,92,1200,25,9,6,111
13:18:48,1.3_AddToWindow,11485,0,0048,0,0009,11,9118,54,9724,25,9,6,111
13:18:48,1.3.1_DictLookup,11485,0,0018,0,0001,11,9046,20,2225,25,9,6,111
13:18:48,1.3.2_ListAdd,11485,0,0007,0,0002,0,2307,8,4099,25,9,6,111
13:18:48,2_UpdateTicks,17467,0,0178,0,0010,41,2430,311,3574,25,9,6,111
13:18:48,3_UpdateIndex,17467,0,0047,0,0005,44,6045,81,4486,25,9,6,111
13:18:48,Total_ProcessData,17467,0,0412,0,0036,44,7158,719,6483,25,9,6,111
13:19:54,1_Matching,8962,0,0379,0,0006,83,6217,339,3505,577,130,10,96
13:19:54,1.1_IndexLookup,8962,0,0040,0,0002,0,1883,35,8019,577,130,10,96
13:19:54,1.2_CalcLoop,8939,0,0332,0,0001,83,6163,296,8313,577,130,10,96
13:19:54,1.3_AddToWindow,9883,0,0131,0,0010,66,0130,129,5535,577,130,10,96
13:19:54,1.3.1_DictLookup,9883,0,0004,0,0001,0,0296,3,6190,577,130,10,96
13:19:54,1.3.2_ListAdd,9883,0,0005,0,0002,0,0566,4,6401,577,130,10,96
13:19:54,2_UpdateTicks,8962,0,0259,0,0113,81,8362,232,1965,577,130,10,96
13:19:54,3_UpdateIndex,8962,0,0095,0,0007,71,0734,85,1502,577,130,10,96
13:19:54,Total_ProcessData,8962,0,0754,0,0151,104,0410,675,5783,577,130,10,96
13:21:55,1_Matching,24450,0,0262,0,0006,148,9733,640,1389,1631,356,13,114
13:21:55,1.1_IndexLookup,24450,0,0020,0,0002,0,4600,49,5910,1631,356,13,114
13:21:55,1.2_CalcLoop,24439,0,0235,0,0000,148,9693,574,1605,1631,356,13,114
13:21:55,1.3_AddToWindow,28369,0,0120,0,0009,148,9650,339,5783,1631,356,13,114
13:21:55,1.3.1_DictLookup,28369,0,0056,0,0001,148,9549,158,1886,1631,356,13,114
13:21:55,1.3.2_ListAdd,28369,0,0055,0,0002,103,2045,155,9822,1631,356,13,114
13:21:55,2_UpdateTicks,24449,0,0394,0,0067,227,0189,962,7968,1631,356,13,114
13:21:55,3_UpdateIndex,24449,0,0179,0,0005,259,3071,437,2423,1631,356,13,114
13:21:55,Total_ProcessData,24449,0,0944,0,0094,259,3218,2309,0817,1631,356,13,114
13:22:18,1_Matching,100112,0,0193,0,0005,198,5641,1931,0600,1769,389,15,108
13:22:18,1.1_IndexLookup,100112,0,0072,0,0002,198,5446,716,5263,1769,389,15,108
13:22:18,1.2_CalcLoop,100102,0,0078,0,0000,164,5137,778,4348,1769,389,15,108
13:22:18,1.3_AddToWindow,118889,0,0033,0,0008,164,5093,393,6602,1769,389,15,108
13:22:18,1.3.1_DictLookup,118889,0,0017,0,0001,164,5010,202,4665,1769,389,15,108
13:22:18,1.3.2_ListAdd,118889,0,0005,0,0002,0,7841,58,0690,1769,389,15,108
13:22:18,2_UpdateTicks,100113,0,0361,0,0066,222,9933,3611,9580,1769,389,15,108
13:22:18,3_UpdateIndex,100113,0,0029,0,0004,171,0176,295,1527,1769,389,15,108
13:22:18,Total_ProcessData,100113,0,0613,0,0087,231,5743,6139,1069,1769,389,15,108
13:22:20,1_Matching,1222,0,1500,0,0014,90,8792,183,2517,1784,393,15,118
13:22:20,1.1_IndexLookup,1222,0,0020,0,0007,0,0124,2,5044,1784,393,15,118
13:22:20,1.2_CalcLoop,1222,0,1473,0,0001,90,8762,179,9635,1784,393,15,118
13:22:20,1.3_AddToWindow,1540,0,1157,0,0046,90,8616,178,1783,1784,393,15,118
13:22:20,1.3.1_DictLookup,1540,0,0593,0,0001,90,8401,91,3438,1784,393,15,118
13:22:20,1.3.2_ListAdd,1540,0,0005,0,0002,0,0154,0,7190,1784,393,15,118
13:22:20,2_UpdateTicks,1221,0,0080,0,0069,0,1176,9,8252,1784,393,15,118
13:22:20,3_UpdateIndex,1221,0,0008,0,0005,0,0056,0,9861,1784,393,15,118
13:22:20,Total_ProcessData,1221,0,1597,0,0097,90,8994,195,0147,1784,393,15,118
13:22:43,1_Matching,72762,0,0711,0,0010,477,9529,5172,0517,1952,433,18,143
13:22:43,1.1_IndexLookup,72762,0,0093,0,0006,203,0078,673,8062,1952,433,18,143
13:22:43,1.2_CalcLoop,72761,0,0565,0,0000,477,9502,4114,5561,1952,433,18,143
13:22:43,1.3_AddToWindow,83856,0,0443,0,0040,477,9462,3717,8723,1952,433,18,143
13:22:43,1.3.1_DictLookup,83856,0,0008,0,0001,36,6809,67,6471,1952,433,18,143
13:22:43,1.3.2_ListAdd,83856,0,0057,0,0002,163,8556,475,7214,1952,433,18,143
13:22:43,2_UpdateTicks,72763,0,0278,0,0067,238,1052,2025,2934,1952,433,18,143
13:22:43,3_UpdateIndex,72763,0,0020,0,0004,41,1331,142,9808,1952,433,18,143
13:22:43,Total_ProcessData,72763,0,1087,0,0090,477,9736,7909,4521,1952,433,18,143
13:23:20,1_Matching,3917,0,0223,0,0013,32,7094,87,2715,2143,461,18,165
13:23:20,1.1_IndexLookup,3918,0,0111,0,0007,32,6255,43,5172,2143,461,18,165
13:23:20,1.2_CalcLoop,3917,0,0105,0,0001,2,1347,41,2169,2143,461,18,165
13:23:20,1.3_AddToWindow,4984,0,0070,0,0043,2,1306,34,8935,2143,461,18,165
13:23:20,1.3.1_DictLookup,4984,0,0003,0,0001,0,0064,1,6318,2143,461,18,165
13:23:20,1.3.2_ListAdd,4984,0,0005,0,0002,0,0872,2,4627,2143,461,18,165
13:23:20,2_UpdateTicks,3917,0,0152,0,0069,24,2310,59,5618,2143,461,18,165
13:23:20,3_UpdateIndex,3917,0,0008,0,0005,0,0621,3,2230,2143,461,18,165
13:23:20,Total_ProcessData,3917,0,0391,0,0096,32,7282,153,0490,2143,461,18,165
13:23:20,1_Matching,71,0,0119,0,0018,0,0224,0,8455,2143,461,18,166
13:23:20,1.1_IndexLookup,70,0,0021,0,0011,0,0039,0,1478,2143,461,18,166
13:23:20,1.2_CalcLoop,71,0,0092,0,0001,0,0191,0,6511,2143,461,18,166
13:23:20,1.3_AddToWindow,85,0,0064,0,0047,0,0102,0,5459,2143,461,18,166
13:23:20,1.3.1_DictLookup,85,0,0004,0,0002,0,0007,0,0310,2143,461,18,166
13:23:20,1.3.2_ListAdd,85,0,0005,0,0002,0,0010,0,0394,2143,461,18,166
13:23:20,2_UpdateTicks,70,0,0079,0,0069,0,0135,0,5514,2143,461,18,166
13:23:20,3_UpdateIndex,70,0,0007,0,0005,0,0011,0,0518,2143,461,18,166
13:23:20,Total_ProcessData,70,0,0213,0,0101,0,0335,1,4922,2143,461,18,166
13:23:20,1_Matching,239,0,0129,0,0016,0,0554,3,0809,2143,461,18,183
13:23:20,1.1_IndexLookup,240,0,0023,0,0009,0,0259,0,5594,2143,461,18,183
13:23:20,1.2_CalcLoop,239,0,0099,0,0001,0,0267,2,3677,2143,461,18,183
13:23:20,1.3_AddToWindow,305,0,0066,0,0046,0,0213,2,0108,2143,461,18,183
13:23:20,1.3.1_DictLookup,306,0,0004,0,0002,0,0020,0,1105,2143,461,18,183
13:23:20,1.3.2_ListAdd,305,0,0005,0,0002,0,0023,0,1515,2143,461,18,183
13:23:20,2_UpdateTicks,240,0,1635,0,0071,37,3556,39,2497,2143,461,18,183
13:23:20,3_UpdateIndex,240,0,0008,0,0006,0,0063,0,1922,2143,461,18,183
13:23:20,Total_ProcessData,240,0,1780,0,0106,37,3761,42,7182,2143,461,18,183
13:23:26,1_Matching,59918,0,0629,0,0013,373,7375,3771,8053,2156,465,18,291
13:23:26,1.1_IndexLookup,59917,0,0024,0,0007,4,7943,143,3314,2156,465,18,291
13:23:26,1.2_CalcLoop,59918,0,0566,0,0001,373,7343,3390,1108,2156,465,18,291
13:23:26,1.3_AddToWindow,73435,0,0369,0,0043,286,2541,2708,5544,2156,465,18,291
13:23:26,1.3.1_DictLookup,73434,0,0007,0,0001,11,6867,49,4772,2156,465,18,291
13:23:26,1.3.2_ListAdd,73435,0,0028,0,0002,107,6649,207,4580,2156,465,18,291
13:23:26,2_UpdateTicks,59917,0,0246,0,0069,340,6615,1472,1685,2156,465,18,291
13:23:26,3_UpdateIndex,59917,0,0080,0,0004,154,9714,481,7721,2156,465,18,291
13:23:26,Total_ProcessData,59917,0,0974,0,0094,373,7624,5835,6086,2156,465,18,291
13:24:33,1_Matching,67719,0,0656,0,0012,423,5796,4441,3265,2265,492,20,213
13:24:33,1.1_IndexLookup,67719,0,0081,0,0006,228,5073,548,4803,2265,492,20,213
13:24:33,1.2_CalcLoop,67719,0,0493,0,0000,253,2985,3337,6034,2265,492,20,213
13:24:33,1.3_AddToWindow,83665,0,0378,0,0039,253,2852,3163,2343,2265,492,20,213
13:24:33,1.3.1_DictLookup,83665,0,0019,0,0001,124,5850,155,3839,2265,492,20,213
13:24:33,1.3.2_ListAdd,83665,0,0046,0,0002,161,5938,381,0541,2265,492,20,213
13:24:33,2_UpdateTicks,67720,0,0285,0,0066,208,0516,1928,4252,2265,492,20,213
13:24:33,3_UpdateIndex,67720,0,0068,0,0004,227,6085,458,0885,2265,492,20,213
13:24:33,Total_ProcessData,67720,0,1082,0,0090,423,5962,7326,3666,2265,492,20,213
13:25:59,1_Matching,675,0,0123,0,0014,0,1290,8,2869,2866,615,22,223
13:25:59,1.1_IndexLookup,675,0,0022,0,0008,0,0287,1,4669,2866,615,22,223
13:25:59,1.2_CalcLoop,675,0,0094,0,0001,0,1260,6,3690,2866,615,22,223
13:25:59,1.3_AddToWindow,821,0,0066,0,0045,0,1042,5,3933,2866,615,22,223
13:25:59,1.3.1_DictLookup,821,0,0004,0,0002,0,0021,0,2878,2866,615,22,223
13:25:59,1.3.2_ListAdd,821,0,0005,0,0002,0,0060,0,4139,2866,615,22,223
13:25:59,2_UpdateTicks,674,0,0085,0,0068,0,1555,5,7308,2866,615,22,223
13:25:59,3_UpdateIndex,674,0,0009,0,0005,0,0255,0,5978,2866,615,22,223
13:25:59,Total_ProcessData,674,0,0224,0,0095,0,1824,15,1289,2866,615,22,223
13:25:59,1_Matching,1418,0,0395,0,0015,39,2045,55,9745,2867,615,22,224
13:25:59,1.1_IndexLookup,1418,0,0020,0,0008,0,0169,2,8451,2867,615,22,224
13:25:59,1.2_CalcLoop,1418,0,0368,0,0001,39,2009,52,2126,2867,615,22,224
13:25:59,1.3_AddToWindow,1709,0,0294,0,0048,39,1906,50,2107,2867,615,22,224
13:25:59,1.3.1_DictLookup,1709,0,0003,0,0001,0,0024,0,5426,2867,615,22,224
13:25:59,1.3.2_ListAdd,1709,0,0234,0,0002,39,1712,39,9326,2867,615,22,224
13:25:59,2_UpdateTicks,1419,0,0539,0,0070,64,8161,76,4647,2867,615,22,224
13:25:59,3_UpdateIndex,1418,0,0008,0,0005,0,0062,1,0737,2867,615,22,224
13:25:59,Cleanup_Timer,1,69,5956,69,5956,69,5956,69,5956,2867,615,22,224
13:25:59,Total_ProcessData,1418,0,0968,0,0100,67,4858,137,3128,2867,615,22,224
13:26:01,1_Matching,18906,0,0514,0,0013,114,9725,972,5739,2894,623,22,233
13:26:01,1.1_IndexLookup,18906,0,0040,0,0007,28,0353,75,2652,2894,623,22,233
13:26:01,1.2_CalcLoop,18906,0,0468,0,0001,114,9695,885,0092,2894,623,22,233
13:26:01,1.3_AddToWindow,21181,0,0405,0,0044,114,9645,858,1394,2894,623,22,233
13:26:01,1.3.1_DictLookup,21181,0,0003,0,0001,0,0340,7,3363,2894,623,22,233
13:26:01,1.3.2_ListAdd,21181,0,0151,0,0002,110,7065,319,7428,2894,623,22,233
13:26:01,2_UpdateTicks,18906,0,0130,0,0069,52,6156,245,7041,2894,623,22,233
13:26:01,3_UpdateIndex,18907,0,0213,0,0005,122,7442,403,4942,2894,623,22,233
13:26:01,Total_ProcessData,18907,0,0951,0,0098,122,7758,1797,2368,2894,623,22,233
13:26:11,1_Matching,110388,0,0489,0,0007,453,7864,5393,3542,3006,651,23,265
13:26:11,1.1_IndexLookup,110388,0,0087,0,0002,127,5295,960,1535,3006,651,23,265
13:26:11,1.2_CalcLoop,110387,0,0333,0,0000,453,7829,3671,9436,3006,651,23,265
13:26:11,1.3_AddToWindow,131715,0,0202,0,0041,453,7735,2657,3087,3006,651,23,265
13:26:11,1.3.1_DictLookup,131715,0,0009,0,0001,70,1339,120,5705,3006,651,23,265
13:26:11,1.3.2_ListAdd,131715,0,0047,0,0002,383,6133,615,4641,3006,651,23,265
13:26:11,2_UpdateTicks,110388,0,0218,0,0067,134,8908,2408,0318,3006,651,23,265
13:26:11,3_UpdateIndex,110388,0,0024,0,0004,158,0442,265,0570,3006,651,23,265
13:26:11,Total_ProcessData,110388,0,0805,0,0092,453,8096,8880,8132,3006,651,23,265
13:27:46,1_Matching,20116,0,0590,0,0014,198,0082,1187,1279,3460,715,27,270
13:27:46,1.1_IndexLookup,20116,0,0065,0,0007,73,4219,131,1496,3460,715,27,270
13:27:46,1.2_CalcLoop,20116,0,0480,0,0000,198,0050,965,2706,3460,715,27,270
13:27:46,1.3_AddToWindow,25079,0,0291,0,0045,197,9387,729,8575,3460,715,27,270
13:27:46,1.3.1_DictLookup,25079,0,0003,0,0001,0,0700,8,2259,3460,715,27,270
13:27:46,1.3.2_ListAdd,25079,0,0005,0,0002,0,0650,12,1554,3460,715,27,270
13:27:46,2_UpdateTicks,20116,0,0157,0,0071,63,9503,316,1086,3460,715,27,270
13:27:46,3_UpdateIndex,20115,0,0069,0,0005,118,6419,139,6819,3460,715,27,270
13:27:46,Total_ProcessData,20115,0,0825,0,0100,198,0287,1658,9413,3460,715,27,270
13:27:54,1_Matching,71786,0,0614,0,0012,272,2022,4409,6602,3586,744,27,365
13:27:54,1.1_IndexLookup,71786,0,0125,0,0006,227,5423,896,2435,3586,744,27,365
13:27:54,1.2_CalcLoop,71786,0,0428,0,0000,272,1994,3073,1617,3586,744,27,365
13:27:54,1.3_AddToWindow,82118,0,0277,0,0042,272,1975,2272,2283,3586,744,27,365
13:27:54,1.3.1_DictLookup,82118,0,0018,0,0001,114,9312,144,2969,3586,744,27,365
13:27:54,1.3.2_ListAdd,82118,0,0028,0,0002,98,8328,231,7334,3586,744,27,365
13:27:54,2_UpdateTicks,71786,0,0282,0,0068,279,7342,2025,3956,3586,744,27,365
13:27:54,3_UpdateIndex,71787,0,0061,0,0004,131,5788,436,2362,3586,744,27,365
13:27:54,Total_ProcessData,71787,0,1070,0,0092,489,6538,7682,5820,3586,744,27,365
13:28:04,1_Matching,43566,0,0439,0,0011,242,6677,1912,8266,3770,774,29,424
13:28:04,1.1_IndexLookup,43567,0,0109,0,0006,159,8325,475,7778,3770,774,29,424
13:28:04,1.2_CalcLoop,43566,0,0323,0,0000,242,6633,1406,8285,3770,774,29,424
13:28:04,1.3_AddToWindow,51303,0,0224,0,0041,242,6381,1149,7136,3770,774,29,424
13:28:04,1.3.1_DictLookup,51304,0,0010,0,0001,32,5574,53,8399,3770,774,29,424
13:28:04,1.3.2_ListAdd,51303,0,0013,0,0002,15,1893,65,1118,3770,774,29,424
13:28:04,2_UpdateTicks,43566,0,0138,0,0067,62,8079,602,2555,3770,774,29,424
13:28:04,3_UpdateIndex,43566,0,0073,0,0004,218,2049,317,7618,3770,774,29,424
13:28:04,Total_ProcessData,43566,0,0665,0,0093,242,6941,2895,0213,3770,774,29,424
13:28:14,1_Matching,20239,0,1128,0,0013,789,6968,2282,5506,3853,790,29,344
13:28:14,1.1_IndexLookup,20238,0,0209,0,0006,242,8877,423,1590,3853,790,29,344
13:28:14,1.2_CalcLoop,20239,0,0901,0,0000,789,6921,1824,4073,3853,790,29,344
13:28:14,1.3_AddToWindow,23354,0,0761,0,0043,789,6705,1777,2410,3853,790,29,344
13:28:14,1.3.1_DictLookup,23353,0,0004,0,0001,2,1731,10,2937,3853,790,29,344
13:28:14,1.3.2_ListAdd,23354,0,0175,0,0002,162,1964,408,6163,3853,790,29,344
13:28:14,2_UpdateTicks,20239,0,0388,0,0069,210,5404,784,4889,3853,790,29,344
13:28:14,3_UpdateIndex,20239,0,0352,0,0005,695,1265,711,9148,3853,790,29,344
13:28:14,Total_ProcessData,20239,0,2017,0,0095,789,7166,4082,1038,3853,790,29,344
13:28:24,1_Matching,21723,0,0775,0,0012,169,1727,1682,6155,4021,813,29,450
13:28:24,1.1_IndexLookup,21723,0,0134,0,0006,169,0625,290,2672,4021,813,29,450
13:28:24,1.2_CalcLoop,21723,0,0510,0,0000,147,0293,1107,9523,4021,813,29,450
13:28:24,1.3_AddToWindow,23349,0,0385,0,0042,147,0250,898,5489,4021,813,29,450
13:28:24,1.3.1_DictLookup,23349,0,0047,0,0001,100,7405,109,3315,4021,813,29,450
13:28:24,1.3.2_ListAdd,23349,0,0083,0,0002,139,6421,194,3515,4021,813,29,450
13:28:24,2_UpdateTicks,21723,0,0172,0,0069,91,8674,373,3946,4021,813,29,450
13:28:24,3_UpdateIndex,21723,0,0008,0,0005,0,1011,18,4063,4021,813,29,450
13:28:24,Total_ProcessData,21723,0,1013,0,0094,169,1916,2200,1089,4021,813,29,450
13:41:36,1_Matching,7390,0,0207,0,0005,11,3991,153,0864,21,8,5,114
13:41:36,1.1_IndexLookup,7390,0,0108,0,0001,11,3908,79,9629,21,8,5,114
13:41:36,1.2_CalcLoop,7182,0,0065,0,0001,4,9142,46,6677,21,8,5,114
13:41:36,1.3_AddToWindow,4422,0,0060,0,0011,4,5224,26,6757,21,8,5,114
13:41:36,1.3.1_DictLookup,4422,0,0013,0,0001,1,6752,5,7984,21,8,5,114
13:41:36,1.3.2_ListAdd,4422,0,0024,0,0002,4,5131,10,7272,21,8,5,114
13:41:36,2_UpdateTicks,7390,0,0069,0,0011,1,3644,50,9926,21,8,5,114
13:41:36,3_UpdateIndex,7390,0,0028,0,0005,4,5433,20,4374,21,8,5,114
13:41:36,Total_ProcessData,7390,0,0316,0,0035,12,1403,233,3088,21,8,5,114
13:45:50,1_Matching,14814,0,0259,0,0004,41,8748,384,2510,24,9,6,108
13:45:50,1.1_IndexLookup,14815,0,0104,0,0000,18,4112,154,1242,24,9,6,108
13:45:50,1.2_CalcLoop,14521,0,0140,0,0001,41,8685,202,9788,24,9,6,108
13:45:50,1.3_AddToWindow,9830,0,0174,0,0050,41,8624,171,3067,24,9,6,108
13:45:50,1.3.1_DictLookup,9831,0,0008,0,0002,1,2671,8,3038,24,9,6,108
13:45:50,1.3.2_ListAdd,9830,0,0008,0,0002,0,2897,7,7966,24,9,6,108
13:45:50,2_UpdateTicks,14814,0,0155,0,0009,54,0218,229,5823,24,9,6,108
13:45:50,3_UpdateIndex,14814,0,0039,0,0006,21,0136,57,5547,24,9,6,108
13:45:50,Total_ProcessData,14814,0,0465,0,0028,54,0397,689,5721,24,9,6,108
14:21:47,1_Matching,11242,0,0219,0,0004,16,5514,245,8746,22,9,6,111
14:21:47,1.1_IndexLookup,11243,0,0090,0,0001,6,7911,100,7611,22,9,6,111
14:21:47,1.2_CalcLoop,11006,0,0111,0,0001,16,4894,121,8020,22,9,6,111
14:21:47,1.3_AddToWindow,7486,0,0115,0,0019,16,4517,86,1929,22,9,6,111
14:21:47,1.3.1_DictLookup,7486,0,0019,0,0001,2,5145,14,3639,22,9,6,111
14:21:47,1.3.2_ListAdd,7486,0,0010,0,0002,0,2435,7,7396,22,9,6,111
14:21:47,2_UpdateTicks,11242,0,0134,0,0012,20,9655,151,0509,22,9,6,111
14:21:47,3_UpdateIndex,11242,0,0049,0,0005,28,4864,54,9137,22,9,6,111
14:21:47,Total_ProcessData,11242,0,0415,0,0037,28,5098,466,8158,22,9,6,111
14:22:13,1_Matching,40417,0,0278,0,0005,138,6311,1124,2947,310,79,10,108
14:22:13,1.1_IndexLookup,40416,0,0169,0,0001,138,6254,684,0898,310,79,10,108
14:22:13,1.2_CalcLoop,40330,0,0102,0,0000,99,1121,411,8188,310,79,10,108
14:22:13,1.3_AddToWindow,32282,0,0112,0,0015,99,0916,360,7635,310,79,10,108
14:22:13,1.3.1_DictLookup,32282,0,0004,0,0001,1,0221,12,0687,310,79,10,108
14:22:13,1.3.2_ListAdd,32282,0,0005,0,0002,0,5317,17,4775,310,79,10,108
14:22:13,2_UpdateTicks,40416,0,0210,0,0067,99,6475,847,1471,310,79,10,108
14:22:13,3_UpdateIndex,40416,0,0039,0,0004,114,1901,159,4877,310,79,10,108
14:22:13,Total_ProcessData,40416,0,0581,0,0089,138,6492,2350,0399,310,79,10,108
14:22:15,1_Matching,37686,0,0096,0,0005,117,5045,363,5097,316,81,10,113
14:22:15,1.1_IndexLookup,37686,0,0017,0,0001,0,6128,64,1635,316,81,10,113
14:22:15,1.2_CalcLoop,37674,0,0039,0,0000,13,6927,147,5125,316,81,10,113
14:22:15,1.3_AddToWindow,30704,0,0032,0,0015,13,6850,98,4452,316,81,10,113
14:22:15,1.3.1_DictLookup,30704,0,0003,0,0001,0,0646,9,0253,316,81,10,113
14:22:15,1.3.2_ListAdd,30704,0,0005,0,0002,0,0917,14,8508,316,81,10,113
14:22:15,2_UpdateTicks,37687,0,0220,0,0067,186,8298,827,3684,316,81,10,113
14:22:15,3_UpdateIndex,37687,0,0017,0,0004,31,5288,62,3952,316,81,10,113
14:22:15,Total_ProcessData,37687,0,0341,0,0090,186,8493,1284,3746,316,81,10,113
14:22:27,1_Matching,7844,0,0106,0,0011,28,7985,83,1088,396,102,11,107
14:22:27,1.1_IndexLookup,7844,0,0055,0,0005,28,7626,43,2492,396,102,11,107
14:22:27,1.2_CalcLoop,7844,0,0045,0,0001,2,1256,34,9922,396,102,11,107
14:22:27,1.3_AddToWindow,7877,0,0029,0,0014,0,4313,22,6923,396,102,11,107
14:22:27,1.3.1_DictLookup,7877,0,0003,0,0001,0,0235,2,4175,396,102,11,107
14:22:27,1.3.2_ListAdd,7877,0,0005,0,0002,0,1631,3,9798,396,102,11,107
14:22:27,2_UpdateTicks,7843,0,0195,0,0066,82,8865,152,8668,396,102,11,107
14:22:27,3_UpdateIndex,7843,0,0171,0,0004,127,7154,133,7842,396,102,11,107
14:22:27,Total_ProcessData,7843,0,0844,0,0088,413,3694,661,8341,396,102,11,107
14:22:37,1_Matching,54243,0,0526,0,0006,471,2710,2855,7857,442,116,12,117
14:22:37,1.1_IndexLookup,54243,0,0167,0,0002,229,5706,905,7180,442,116,12,117
14:22:37,1.2_CalcLoop,54238,0,0327,0,0000,471,2678,1773,0352,442,116,12,117
14:22:37,1.3_AddToWindow,50977,0,0238,0,0014,471,2621,1214,6507,442,116,12,117
14:22:37,1.3.1_DictLookup,50977,0,0045,0,0001,212,8208,229,5188,442,116,12,117
14:22:37,1.3.2_ListAdd,50977,0,0005,0,0002,0,6715,27,0815,442,116,12,117
14:22:37,2_UpdateTicks,54244,0,0278,0,0067,223,6312,1508,5396,442,116,12,117
14:22:37,3_UpdateIndex,54244,0,0033,0,0004,132,8196,176,3597,442,116,12,117
14:22:37,Total_ProcessData,54244,0,0853,0,0091,471,2889,4626,8692,442,116,12,117
14:22:58,1_Matching,41636,0,1070,0,0011,944,0761,4453,6691,586,151,15,108
14:22:58,1.1_IndexLookup,41636,0,0352,0,0005,317,2649,1465,5331,586,151,15,108
14:22:58,1.2_CalcLoop,41636,0,0708,0,0000,944,0729,2948,6624,586,151,15,108
14:22:58,1.3_AddToWindow,41773,0,0693,0,0014,944,0674,2894,7282,586,151,15,108
14:22:58,1.3.1_DictLookup,41773,0,0005,0,0001,7,4404,21,7423,586,151,15,108
14:22:58,1.3.2_ListAdd,41773,0,0125,0,0002,497,9873,520,6743,586,151,15,108
14:22:58,2_UpdateTicks,41636,0,0140,0,0067,88,5882,582,3298,586,151,15,108
14:22:58,3_UpdateIndex,41636,0,0055,0,0004,85,8060,227,9625,586,151,15,108
14:22:58,Total_ProcessData,41636,0,1328,0,0091,944,0939,5527,7112,586,151,15,108
14:22:58,1_Matching,2636,0,0058,0,0013,0,2943,15,3054,589,152,15,109
14:22:58,1.1_IndexLookup,2637,0,0017,0,0007,0,2756,4,5844,589,152,15,109
14:22:58,1.2_CalcLoop,2636,0,0035,0,0001,0,0224,9,1718,589,152,15,109
14:22:58,1.3_AddToWindow,2580,0,0024,0,0016,0,0164,6,2889,589,152,15,109
14:22:58,1.3.1_DictLookup,2581,0,0003,0,0001,0,0049,0,6886,589,152,15,109
14:22:58,1.3.2_ListAdd,2580,0,0004,0,0002,0,0049,1,0846,589,152,15,109
14:22:58,2_UpdateTicks,2636,0,0081,0,0070,0,2920,21,3340,589,152,15,109
14:22:58,3_UpdateIndex,2636,0,0007,0,0005,0,0061,1,7842,589,152,15,109
14:22:58,Total_ProcessData,2636,0,0162,0,0096,2,5484,42,8160,589,152,15,109
14:23:07,1_Matching,37486,0,0261,0,0011,221,5079,977,7155,651,168,16,137
14:23:07,1.1_IndexLookup,37485,0,0079,0,0005,137,3450,295,7249,651,168,16,137
14:23:07,1.2_CalcLoop,37486,0,0175,0,0000,221,5048,655,0976,651,168,16,137
14:23:07,1.3_AddToWindow,36505,0,0146,0,0014,221,4921,533,9830,651,168,16,137
14:23:07,1.3.1_DictLookup,36504,0,0004,0,0001,5,1838,15,7672,651,168,16,137
14:23:07,1.3.2_ListAdd,36505,0,0092,0,0002,221,4816,336,2322,651,168,16,137
14:23:07,2_UpdateTicks,37486,0,0180,0,0066,116,9864,674,8053,651,168,16,137
14:23:07,3_UpdateIndex,37486,0,0008,0,0004,0,3200,28,2050,651,168,16,137
14:23:07,Total_ProcessData,37486,0,0456,0,0087,221,5251,1709,5780,651,168,16,137
14:23:43,1_Matching,60030,0,0360,0,0011,295,0238,2160,5765,921,237,17,141
14:23:43,1.1_IndexLookup,60031,0,0070,0,0006,119,5372,419,4082,921,237,17,141
14:23:43,1.2_CalcLoop,60030,0,0261,0,0000,295,0206,1569,1072,921,237,17,141
14:23:43,1.3_AddToWindow,56941,0,0263,0,0014,295,0035,1496,6876,921,237,17,141
14:23:43,1.3.1_DictLookup,56942,0,0003,0,0001,0,4857,18,3756,921,237,17,141
14:23:43,1.3.2_ListAdd,56941,0,0058,0,0002,212,4889,330,3762,921,237,17,141
14:23:43,2_UpdateTicks,60030,0,0413,0,0067,246,2547,2481,8132,921,237,17,141
14:23:43,3_UpdateIndex,60030,0,0039,0,0003,130,1383,236,2051,921,237,17,141
14:23:43,Total_ProcessData,60030,0,0903,0,0088,295,0411,5422,3079,921,237,17,141
14:23:49,1_Matching,64713,0,0275,0,0010,228,1255,1778,2716,939,243,17,165
14:23:49,1.1_IndexLookup,64712,0,0070,0,0005,215,0767,453,1241,939,243,17,165
14:23:49,1.2_CalcLoop,64713,0,0199,0,0000,228,1220,1286,3201,939,243,17,165
14:23:49,1.3_AddToWindow,60961,0,0167,0,0014,228,1119,1020,4679,939,243,17,165
14:23:49,1.3.1_DictLookup,60960,0,0009,0,0001,34,7499,52,2348,939,243,17,165
14:23:49,1.3.2_ListAdd,60961,0,0017,0,0002,75,4406,104,5513,939,243,17,165
14:23:49,2_UpdateTicks,64713,0,0283,0,0066,234,8425,1829,7589,939,243,17,165
14:23:49,3_UpdateIndex,64713,0,0096,0,0004,165,0559,623,9673,939,243,17,165
14:23:49,Total_ProcessData,64713,0,0695,0,0088,234,8558,4494,9994,939,243,17,165
14:23:57,1_Matching,20214,0,0475,0,0012,623,5055,959,3235,968,253,18,161
14:23:57,1.1_IndexLookup,20214,0,0080,0,0006,123,8193,161,7208,968,253,18,161
14:23:57,1.2_CalcLoop,20214,0,0387,0,0000,623,4994,782,7164,968,253,18,161
14:23:57,1.3_AddToWindow,17793,0,0379,0,0015,623,4750,673,5612,968,253,18,161
14:23:57,1.3.1_DictLookup,17793,0,0003,0,0001,0,0623,5,9123,968,253,18,161
14:23:57,1.3.2_ListAdd,17793,0,0005,0,0002,0,2076,9,3222,968,253,18,161
14:23:57,2_UpdateTicks,20214,0,0096,0,0068,14,1948,194,9841,968,253,18,161
14:23:57,3_UpdateIndex,20214,0,0052,0,0004,89,3387,104,6362,968,253,18,161
14:23:57,Total_ProcessData,20214,0,0688,0,0093,623,5223,1390,8661,968,253,18,161
14:24:07,1_Matching,29531,0,0259,0,0010,214,4031,763,4481,1011,266,18,184
14:24:07,1.1_IndexLookup,29531,0,0068,0,0005,141,5873,199,4923,1011,266,18,184
14:24:07,1.2_CalcLoop,29531,0,0185,0,0000,214,3989,545,1809,1011,266,18,184
14:24:07,1.3_AddToWindow,28951,0,0093,0,0014,150,0360,268,1938,1011,266,18,184
14:24:07,1.3.1_DictLookup,28951,0,0055,0,0001,150,0205,159,4731,1011,266,18,184
14:24:07,1.3.2_ListAdd,28951,0,0005,0,0002,0,0910,14,7284,1011,266,18,184
14:24:07,2_UpdateTicks,29531,0,0184,0,0066,150,2667,544,2634,1011,266,18,184
14:24:07,3_UpdateIndex,29531,0,0015,0,0003,9,3708,42,9859,1011,266,18,184
14:24:07,Total_ProcessData,29531,0,0495,0,0088,214,4205,1461,9290,1011,266,18,184
14:24:17,1_Matching,32228,0,0074,0,0011,26,4893,238,4597,1058,281,18,193
14:24:17,1.1_IndexLookup,32228,0,0020,0,0006,1,2834,64,5888,1058,281,18,193
14:24:17,1.2_CalcLoop,32228,0,0048,0,0000,26,4812,153,1796,1058,281,18,193
14:24:17,1.3_AddToWindow,29287,0,0038,0,0014,26,4764,112,3736,1058,281,18,193
14:24:17,1.3.1_DictLookup,29287,0,0004,0,0001,0,0422,10,5312,1058,281,18,193
14:24:17,1.3.2_ListAdd,29287,0,0015,0,0002,26,4340,42,7594,1058,281,18,193
14:24:17,2_UpdateTicks,32228,0,0098,0,0066,28,7821,317,2929,1058,281,18,193
14:24:17,3_UpdateIndex,32228,0,0009,0,0004,2,0280,29,2506,1058,281,18,193
14:24:17,Total_ProcessData,32228,0,0216,0,0092,65,1506,695,4669,1058,281,18,193
14:24:27,1_Matching,30289,0,0178,0,0011,123,3315,538,1226,1098,292,18,216
14:24:27,1.1_IndexLookup,30289,0,0032,0,0006,33,2779,96,9815,1098,292,18,216
14:24:27,1.2_CalcLoop,30289,0,0114,0,0000,123,3164,346,7925,1098,292,18,216
14:24:27,1.3_AddToWindow,28147,0,0060,0,0014,82,0270,167,7295,1098,292,18,216
14:24:27,1.3.1_DictLookup,28147,0,0005,0,0001,3,4259,13,5602,1098,292,18,216
14:24:27,1.3.2_ListAdd,28147,0,0006,0,0002,0,3979,15,5919,1098,292,18,216
14:24:27,2_UpdateTicks,30289,0,0168,0,0066,78,0476,508,9525,1098,292,18,216
14:24:27,3_UpdateIndex,30289,0,0012,0,0004,6,5929,35,7780,1098,292,18,216
14:24:27,Total_ProcessData,30289,0,0366,0,0090,123,3492,1109,5555,1098,292,18,216
14:24:37,1_Matching,26059,0,0120,0,0011,85,8322,313,4924,1116,298,18,222
14:24:37,1.1_IndexLookup,26059,0,0060,0,0006,85,7858,156,8049,1116,298,18,222
14:24:37,1.2_CalcLoop,26059,0,0050,0,0000,15,2550,130,2951,1116,298,18,222
14:24:37,1.3_AddToWindow,25073,0,0036,0,0015,15,2421,91,2096,1116,298,18,222
14:24:37,1.3.1_DictLookup,25073,0,0004,0,0001,0,0768,9,0102,1116,298,18,222
14:24:37,1.3.2_ListAdd,25073,0,0011,0,0002,15,2238,28,7452,1116,298,18,222
14:24:37,2_UpdateTicks,26059,0,0162,0,0068,164,0225,422,1527,1116,298,18,222
14:24:37,3_UpdateIndex,26059,0,0008,0,0004,0,0992,21,3444,1116,298,18,222
14:24:37,Total_ProcessData,26059,0,0308,0,0094,164,0399,801,5229,1116,298,18,222
14:24:47,1_Matching,20627,0,0302,0,0011,189,5670,622,4004,1128,302,18,267
14:24:47,1.1_IndexLookup,20628,0,0259,0,0005,189,5444,534,6200,1128,302,18,267
14:24:47,1.2_CalcLoop,20628,0,0037,0,0000,2,2691,75,4442,1128,302,18,267
14:24:47,1.3_AddToWindow,19376,0,0026,0,0015,0,1477,50,3522,1128,302,18,267
14:24:47,1.3.1_DictLookup,19376,0,0003,0,0001,0,1384,5,8100,1128,302,18,267
14:24:47,1.3.2_ListAdd,19376,0,0005,0,0002,0,1406,9,2943,1128,302,18,267
14:24:47,2_UpdateTicks,20627,0,0485,0,0068,237,5580,1000,2622,1128,302,18,267
14:24:47,3_UpdateIndex,20627,0,0007,0,0004,0,2803,15,0893,1128,302,18,267
14:24:47,Total_ProcessData,20627,0,0876,0,0092,237,5764,1807,1789,1128,302,18,267
14:24:58,1_Matching,27833,0,0317,0,0011,232,7463,882,1483,1139,305,19,248
14:24:58,1.1_IndexLookup,27832,0,0061,0,0006,111,0484,170,9708,1139,305,19,248
14:24:58,1.2_CalcLoop,27832,0,0249,0,0000,232,7425,691,8680,1139,305,19,248
14:24:58,1.3_AddToWindow,26350,0,0250,0,0015,232,7359,657,4629,1139,305,19,248
14:24:58,1.3.1_DictLookup,26350,0,0092,0,0001,232,6966,242,6775,1139,305,19,248
14:24:58,1.3.2_ListAdd,26350,0,0005,0,0002,0,1646,14,0437,1139,305,19,248
14:24:58,2_UpdateTicks,27832,0,0151,0,0067,126,0230,419,7489,1139,305,19,248
14:24:58,3_UpdateIndex,27832,0,0196,0,0004,491,1588,546,3994,1139,305,19,248
14:24:58,Total_ProcessData,27832,0,0698,0,0092,562,9123,1942,8106,1139,305,19,248
14:25:24,1_Matching,11912,0,0148,0,0012,102,7065,175,9828,1163,312,19,281
14:25:24,1.1_IndexLookup,11913,0,0104,0,0006,102,6852,124,2860,1163,312,19,281
14:25:24,1.2_CalcLoop,11912,0,0037,0,0000,0,1697,44,3225,1163,312,19,281
14:25:24,1.3_AddToWindow,11216,0,0027,0,0015,0,1311,30,3850,1163,312,19,281
14:25:24,1.3.1_DictLookup,11216,0,0003,0,0001,0,0354,3,4222,1163,312,19,281
14:25:24,1.3.2_ListAdd,11216,0,0005,0,0002,0,1222,5,5527,1163,312,19,281
14:25:24,2_UpdateTicks,11913,0,0566,0,0067,212,2796,674,0280,1163,312,19,281
14:25:24,3_UpdateIndex,11913,0,0008,0,0004,0,1635,9,4820,1163,312,19,281
14:25:24,Total_ProcessData,11913,0,0743,0,0095,212,2994,884,6622,1163,312,19,281
14:25:24,1_Matching,62,0,0080,0,0017,0,0252,0,4955,1163,312,19,283
14:25:24,1.1_IndexLookup,62,0,0020,0,0010,0,0055,0,1238,1163,312,19,283
14:25:24,1.2_CalcLoop,63,0,0054,0,0001,0,0227,0,3408,1163,312,19,283
14:25:24,1.3_AddToWindow,74,0,0032,0,0019,0,0183,0,2346,1163,312,19,283
14:25:24,1.3.1_DictLookup,75,0,0006,0,0001,0,0098,0,0430,1163,312,19,283
14:25:24,1.3.2_ListAdd,74,0,0004,0,0003,0,0009,0,0327,1163,312,19,283
14:25:24,2_UpdateTicks,62,0,0083,0,0071,0,0263,0,5173,1163,312,19,283
14:25:24,3_UpdateIndex,62,0,0007,0,0006,0,0021,0,0454,1163,312,19,283
14:25:24,Total_ProcessData,62,0,0180,0,0105,0,0440,1,1141,1163,312,19,283
14:26:13,1_Matching,149321,0,0155,0,0010,171,7426,2312,8929,1298,349,21,280
14:26:13,1.1_IndexLookup,149320,0,0054,0,0005,171,7381,799,5736,1298,349,21,280
14:26:13,1.2_CalcLoop,149320,0,0082,0,0000,144,7184,1220,0930,1298,349,21,280
14:26:13,1.3_AddToWindow,140897,0,0058,0,0014,144,7164,813,8284,1298,349,21,280
14:26:13,1.3.1_DictLookup,140896,0,0011,0,0001,42,2818,149,7577,1298,349,21,280
14:26:13,1.3.2_ListAdd,140897,0,0008,0,0002,39,7299,105,8642,1298,349,21,280
14:26:13,2_UpdateTicks,149320,0,0204,0,0066,183,3918,3044,6748,1298,349,21,280
14:26:13,3_UpdateIndex,149320,0,0027,0,0003,83,1993,397,4771,1298,349,21,280
14:26:13,Total_ProcessData,149320,0,0418,0,0088,183,4438,6247,0105,1298,349,21,280
14:26:16,1_Matching,40443,0,0179,0,0011,122,2441,724,0797,1302,351,21,339
14:26:16,1.1_IndexLookup,40443,0,0049,0,0005,122,2196,196,4285,1302,351,21,339
14:26:16,1.2_CalcLoop,40443,0,0110,0,0000,114,5636,446,4652,1302,351,21,339
14:26:16,1.3_AddToWindow,41049,0,0097,0,0014,114,5491,397,0218,1302,351,21,339
14:26:16,1.3.1_DictLookup,41049,0,0003,0,0001,0,1608,12,2292,1302,351,21,339
14:26:16,1.3.2_ListAdd,41049,0,0008,0,0002,13,0053,33,6152,1302,351,21,339
14:26:16,2_UpdateTicks,40444,0,0314,0,0066,155,0202,1270,6638,1302,351,21,339
14:26:16,3_UpdateIndex,40444,0,0008,0,0003,1,8502,32,2464,1302,351,21,339
14:26:16,Total_ProcessData,40444,0,0603,0,0089,155,0548,2437,1798,1302,351,21,339
14:26:38,1_Matching,49946,0,0361,0,0011,549,8959,1804,3245,1406,378,21,342
14:26:38,1.1_IndexLookup,49946,0,0144,0,0006,549,8904,719,3139,1406,378,21,342
14:26:38,1.2_CalcLoop,49946,0,0141,0,0000,149,2174,704,7310,1406,378,21,342
14:26:38,1.3_AddToWindow,48932,0,0109,0,0016,149,1461,532,1762,1406,378,21,342
14:26:38,1.3.1_DictLookup,48932,0,0017,0,0001,66,8134,81,7840,1406,378,21,342
14:26:38,1.3.2_ListAdd,48932,0,0006,0,0002,2,3568,30,0608,1406,378,21,342
14:26:38,2_UpdateTicks,49946,0,0286,0,0067,167,8292,1430,9165,1406,378,21,342
14:26:38,3_UpdateIndex,49946,0,0012,0,0004,16,7624,57,6639,1406,378,21,342
14:26:38,Total_ProcessData,49946,0,0719,0,0090,549,9160,3590,3253,1406,378,21,342
14:26:38,1_Matching,29,0,0073,0,0014,0,0342,0,2130,1408,378,21,344
14:26:38,1.1_IndexLookup,30,0,0021,0,0007,0,0128,0,0643,1408,378,21,344
14:26:38,1.2_CalcLoop,29,0,0045,0,0001,0,0198,0,1314,1408,378,21,344
14:26:38,1.3_AddToWindow,24,0,0041,0,0020,0,0140,0,0992,1408,378,21,344
14:26:38,1.3.1_DictLookup,24,0,0004,0,0001,0,0017,0,0101,1408,378,21,344
14:26:38,1.3.2_ListAdd,23,0,0007,0,0003,0,0023,0,0158,1408,378,21,344
14:26:38,2_UpdateTicks,29,0,0084,0,0077,0,0125,0,2427,1408,378,21,344
14:26:38,3_UpdateIndex,29,0,0008,0,0005,0,0029,0,0245,1408,378,21,344
14:26:38,Total_ProcessData,29,0,0174,0,0104,0,0514,0,5042,1408,378,21,344
14:26:47,1_Matching,22194,0,0701,0,0012,812,0278,1556,6027,1557,391,22,436
14:26:47,1.1_IndexLookup,22193,0,0060,0,0006,41,2902,132,6416,1557,391,22,436
14:26:47,1.2_CalcLoop,22194,0,0603,0,0000,812,0247,1337,9280,1557,391,22,436
14:26:47,1.3_AddToWindow,22796,0,0558,0,0016,812,0172,1272,3772,1557,391,22,436
14:26:47,1.3.1_DictLookup,22796,0,0018,0,0001,33,8165,40,2704,1557,391,22,436
14:26:47,1.3.2_ListAdd,22797,0,0126,0,0002,183,5823,287,3997,1557,391,22,436
14:26:47,2_UpdateTicks,22193,0,0177,0,0070,126,3105,393,5565,1557,391,22,436
14:26:47,3_UpdateIndex,22193,0,0007,0,0004,0,0893,15,8513,1557,391,22,436
14:26:47,Total_ProcessData,22193,0,0894,0,0094,812,0470,1984,8473,1557,391,22,436
14:27:06,1_Matching,16762,0,0431,0,0012,121,4617,722,7594,1784,428,22,450
14:27:06,1.1_IndexLookup,16763,0,0055,0,0006,64,1444,92,5983,1784,428,22,450
14:27:06,1.2_CalcLoop,16762,0,0311,0,0001,121,4588,521,4251,1784,428,22,450
14:27:06,1.3_AddToWindow,16856,0,0297,0,0016,121,4433,500,4508,1784,428,22,450
14:27:06,1.3.1_DictLookup,16856,0,0037,0,0001,58,0416,62,9381,1784,428,22,450
14:27:06,1.3.2_ListAdd,16856,0,0126,0,0002,121,4258,213,0330,1784,428,22,450
14:27:06,2_UpdateTicks,16763,0,0109,0,0068,37,0749,182,4097,1784,428,22,450
14:27:06,3_UpdateIndex,16763,0,0032,0,0004,37,1156,53,8427,1784,428,22,450
14:27:06,Total_ProcessData,16763,0,0655,0,0092,121,4788,1098,2636,1784,428,22,450
14:27:06,1_Matching,7040,0,0093,0,0012,21,6954,65,6337,1811,430,22,460
14:27:06,1.1_IndexLookup,7039,0,0018,0,0006,0,2264,12,6165,1811,430,22,460
14:27:06,1.2_CalcLoop,7040,0,0069,0,0000,21,6911,48,3231,1811,430,22,460
14:27:06,1.3_AddToWindow,6549,0,0061,0,0016,21,6658,40,1819,1811,430,22,460
14:27:06,1.3.1_DictLookup,6549,0,0003,0,0001,0,0285,2,0002,1811,430,22,460
14:27:06,1.3.2_ListAdd,6549,0,0038,0,0002,21,6418,24,6915,1811,430,22,460
14:27:06,2_UpdateTicks,7039,0,0180,0,0069,44,4595,126,5504,1811,430,22,460
14:27:06,3_UpdateIndex,7039,0,0350,0,0004,142,9306,246,5194,1811,430,22,460
14:27:06,Total_ProcessData,7039,0,1072,0,0095,264,0452,754,3069,1811,430,22,460
14:27:16,1_Matching,39921,0,0719,0,0011,1542,3557,2871,5509,2057,454,24,404
14:27:16,1.1_IndexLookup,39921,0,0064,0,0005,97,6367,257,2289,2057,454,24,404
14:27:16,1.2_CalcLoop,39921,0,0640,0,0000,1542,3520,2556,6847,2057,454,24,404
14:27:16,1.3_AddToWindow,40971,0,0584,0,0015,1542,3377,2393,0496,2057,454,24,404
14:27:16,1.3.1_DictLookup,40971,0,0003,0,0001,0,0611,11,7005,2057,454,24,404
14:27:16,1.3.2_ListAdd,40971,0,0441,0,0002,1542,3249,1805,5978,2057,454,24,404
14:27:16,2_UpdateTicks,39921,0,0345,0,0067,346,1154,1377,8913,2057,454,24,404
14:27:16,3_UpdateIndex,39921,0,0105,0,0004,263,6695,419,5682,2057,454,24,404
14:27:16,Cleanup_Timer,1,1511,9051,1511,9051,1511,9051,1511,9051,2057,454,24,404
14:27:16,Total_ProcessData,39921,0,1243,0,0090,1542,3739,4963,5814,2057,454,24,404
14:27:26,1_Matching,16424,0,0879,0,0012,470,3233,1444,3009,2370,473,25,430
14:27:26,1.1_IndexLookup,16424,0,0326,0,0006,367,8702,534,6669,2370,473,25,430
14:27:26,1.2_CalcLoop,16424,0,0514,0,0000,424,7240,843,9813,2370,473,25,430
14:27:26,1.3_AddToWindow,16413,0,0289,0,0016,424,7092,473,5449,2370,473,25,430
14:27:26,1.3.1_DictLookup,16413,0,0003,0,0001,0,0181,4,9074,2370,473,25,430
14:27:26,1.3.2_ListAdd,16413,0,0005,0,0002,0,0681,7,7905,2370,473,25,430
14:27:26,2_UpdateTicks,16425,0,0221,0,0069,98,9236,363,7311,2370,473,25,430
14:27:26,3_UpdateIndex,16425,0,0811,0,0004,1268,1673,1331,6897,2370,473,25,430
14:27:26,Total_ProcessData,16425,0,2031,0,0092,1367,0984,3336,2374,2370,473,25,430
14:27:46,1_Matching,32903,0,0187,0,0012,92,0505,614,1379,2765,516,26,494
14:27:46,1.1_IndexLookup,32903,0,0073,0,0006,92,0117,240,1521,2765,516,26,494
14:27:46,1.2_CalcLoop,32903,0,0108,0,0000,72,0427,354,4955,2765,516,26,494
14:27:46,1.3_AddToWindow,32602,0,0075,0,0015,50,1772,243,4627,2765,516,26,494
14:27:46,1.3.1_DictLookup,32602,0,0006,0,0001,8,9421,18,6217,2765,516,26,494
14:27:46,1.3.2_ListAdd,32602,0,0020,0,0002,46,1866,64,4270,2765,516,26,494
14:27:46,2_UpdateTicks,32903,0,0203,0,0067,142,1990,667,2896,2765,516,26,494
14:27:46,3_UpdateIndex,32903,0,0027,0,0004,51,9678,87,6957,2765,516,26,494
14:27:46,Total_ProcessData,32903,0,0520,0,0093,142,2222,1709,7444,2765,516,26,494
14:27:56,1_Matching,16026,0,1207,0,0011,1179,3994,1934,4752,3117,536,28,569
14:27:56,1.1_IndexLookup,16026,0,0045,0,0006,34,8655,72,2728,3117,536,28,569
14:27:56,1.2_CalcLoop,16026,0,0346,0,0000,371,0697,554,9057,3117,536,28,569
14:27:56,1.3_AddToWindow,18232,0,0287,0,0014,371,0654,523,8296,3117,536,28,569
14:27:56,1.3.1_DictLookup,18232,0,0003,0,0001,0,1101,5,3688,3117,536,28,569
14:27:56,1.3.2_ListAdd,18232,0,0011,0,0002,10,5801,19,3652,3117,536,28,569
14:27:56,2_UpdateTicks,16026,0,0276,0,0067,127,3516,442,7277,3117,536,28,569
14:27:56,3_UpdateIndex,16026,0,0038,0,0004,47,6986,61,0687,3117,536,28,569
14:27:56,Total_ProcessData,16026,0,1715,0,0091,1179,4271,2749,0463,3117,536,28,569
14:28:56,1_Matching,12543,0,0251,0,0005,36,0671,314,8431,23,9,6,119
14:28:56,1.1_IndexLookup,12543,0,0138,0,0001,36,0307,173,2609,23,9,6,119
14:28:56,1.2_CalcLoop,12259,0,0096,0,0001,11,0486,117,1199,23,9,6,119
14:28:56,1.3_AddToWindow,7927,0,0088,0,0018,3,2959,69,9295,23,9,6,119
14:28:56,1.3.1_DictLookup,7927,0,0013,0,0002,0,9079,10,4968,23,9,6,119
14:28:56,1.3.2_ListAdd,7925,0,0016,0,0002,3,2714,12,3981,23,9,6,119
14:28:56,2_UpdateTicks,12540,0,0231,0,0012,44,6194,289,3935,23,9,6,119
14:28:56,3_UpdateIndex,12542,0,0026,0,0005,1,2788,32,3475,23,9,6,119
14:28:56,Total_ProcessData,12542,0,0525,0,0034,44,6519,658,3269,23,9,6,119
14:29:07,1_Matching,5621,0,0175,0,0006,4,7399,98,2535,138,34,9,110
14:29:07,1.1_IndexLookup,5621,0,0067,0,0002,0,3343,37,7417,138,34,9,110
14:29:07,1.2_CalcLoop,5611,0,0095,0,0001,4,7345,53,0931,138,34,9,110
14:29:07,1.3_AddToWindow,4808,0,0069,0,0015,4,7295,32,9527,138,34,9,110
14:29:07,1.3.1_DictLookup,4808,0,0007,0,0001,0,2802,3,1622,138,34,9,110
14:29:07,1.3.2_ListAdd,4810,0,0010,0,0002,0,0436,4,6588,138,34,9,110
14:29:07,2_UpdateTicks,5624,0,0147,0,0074,0,3227,82,5081,138,34,9,110
14:29:07,3_UpdateIndex,5622,0,0017,0,0004,0,5824,9,7372,138,34,9,110
14:29:07,Total_ProcessData,5622,0,0356,0,0118,4,7671,199,9627,138,34,9,110
14:30:12,1_Matching,93145,0,0279,0,0005,157,0580,2597,1142,779,186,13,127
14:30:12,1.1_IndexLookup,93145,0,0105,0,0002,157,0277,977,0260,779,186,13,127
14:30:12,1.2_CalcLoop,93118,0,0145,0,0000,155,0389,1349,7869,779,186,13,127
14:30:12,1.3_AddToWindow,79592,0,0153,0,0016,155,0198,1218,9104,779,186,13,127
14:30:12,1.3.1_DictLookup,79592,0,0033,0,0001,118,7471,260,4419,779,186,13,127
14:30:12,1.3.2_ListAdd,79592,0,0020,0,0002,86,8291,156,6348,779,186,13,127
14:30:12,2_UpdateTicks,93145,0,0193,0,0067,155,1797,1797,2044,779,186,13,127
14:30:12,3_UpdateIndex,93145,0,0016,0,0004,66,9682,147,3010,779,186,13,127
14:30:12,Total_ProcessData,93145,0,0523,0,0091,194,6589,4868,9597,779,186,13,127
14:33:03,1_Matching,8289,0,0339,0,0004,78,6943,281,1236,29,11,7,83
14:33:03,1.1_IndexLookup,8289,0,0220,0,0001,78,6645,182,7412,29,11,7,83
14:33:03,1.2_CalcLoop,8129,0,0073,0,0001,8,4463,59,2310,29,11,7,83
14:33:03,1.3_AddToWindow,3689,0,0114,0,0031,5,5471,42,0983,29,11,7,83
14:33:03,1.3.1_DictLookup,3689,0,0026,0,0002,3,9906,9,6719,29,11,7,83
14:33:03,1.3.2_ListAdd,3689,0,0011,0,0003,0,4169,4,1158,29,11,7,83
14:33:03,2_UpdateTicks,8289,0,0074,0,0010,1,5687,61,1475,29,11,7,83
14:33:03,3_UpdateIndex,8289,0,0033,0,0006,2,7269,26,9610,29,11,7,83
14:33:03,Total_ProcessData,8289,0,0461,0,0032,78,7128,382,0995,29,11,7,83
